{
  "type": "minecraft:vegetation_patch",
  "config": {
    "surface": "floor",
    "depth": 1,
    "vertical_range": 1,
    "extra_bottom_block_chance": 0,
    "extra_edge_column_chance": 0.5,
    "vegetation_chance": 0,
    "xz_radius": {
      "type": "minecraft:uniform",
      "value": {
        "min_inclusive": 1,
        "max_inclusive": 3
      }
    },
    "replaceable": "terralith:grass_only",
    "ground_state": {
      "type": "minecraft:weighted_state_provider",
      "entries": [
        {
          "weight": 1,
          "data": {
            "Name": "minecraft:dirt_path"
          }
        },
        {
          "weight": 32,
          "data": {
            "Name": "minecraft:grass_block",
            "Properties": {
              "snowy": "false"
            }
          }
        },
        {
          "weight": 4,
          "data": {
            "Name": "minecraft:podzol",
            "Properties": {
              "snowy": "false"
            }
          }
        }
      ]
    },
    "vegetation_feature":{"placement":[],"feature": {
      "type": "minecraft:random_selector",
      "config": {
        "features": [],
        "default": {
          "feature": {
            "type": "minecraft:no_op",
            "config": {}
          },
          "placement": []
        }
      }
    }
  }}
}
